{"cameraMode":{"drawMode":0,"name":"Shaded","section":"Shading Mode"},"sceneLighting":false,"audioPlay":false,"sceneViewState":{"showFog":true,"showMaterialUpdate":false,"showSkybox":false,"showFlares":true,"showImageEffects":true,"showParticleSystems":true},"in2DMode":false,"pivot":{"x":-0.02500009536743164,"y":3.500000238418579,"z":0.0},"rotation":{"x":-0.2676141858100891,"y":0.07707437127828598,"z":-0.021481037139892579,"w":-0.9601975679397583},"size":14.896809577941895,"orthographic":false}